INSERT INTO users (id, registration_date) VALUES
(200, now()),
(201, now()),
(202, now()),
(203, now()),
(204, now()),
(205, now()),
(206, now()),
(207, now()),
(208, now()),
(209, now()),
(210, now()),
(211, now()),
(212, now()),
(213, now()),
(214, now()),
(215, now()),
(216, now()),
(217, now()),
(218, now()),
(219, now()),
(220, now()),
(221, now()),
(222, now()),
(223, now()),
(224, now()),
(225, now()),
(226, now()),
(227, now()),
(228, now()),
(229, now()),
(230, now()),
(231, now()),
(232, now()),
(233, now()),
(234, now()),
(235, now()),
(236, now()),
(237, now()),
(238, now()),
(239, now()),
(240, now()),
(241, now()),
(242, now()),
(243, now()),
(244, now()),
(245, now()),
(246, now()),
(247, now()),
(248, now()),
(249, now()),
(250, now()),
(251, now()),
(252, now()),
(253, now()),
(254, now()),
(255, now()),
(256, now()),
(257, now()),
(258, now()),
(259, now()),
(260, now()),
(261, now()),
(262, now()),
(263, now()),
(264, now()),
(265, now()),
(266, now()),
(267, now()),
(268, now()),
(269, now()),
(270, now()),
(271, now()),
(272, now()),
(273, now()),
(274, now()),
(275, now()),
(276, now()),
(277, now()),
(278, now()),
(279, now()),
(280, now()),
(281, now()),
(282, now()),
(283, now()),
(284, now()),
(285, now()),
(286, now()),
(287, now()),
(288, now()),
(289, now()),
(290, now()),
(291, now()),
(292, now()),
(293, now()),
(294, now()),
(295, now()),
(296, now()),
(297, now()),
(298, now()),
(299, now()),
(300, now());

INSERT INTO skills (id, name) VALUES
(201, 'Object-oriented programming'),
(202, 'Data structures'),
(203, 'Algorithms'),
(204, 'Database management'),
(205, 'SQL'),
(206, 'Relational databases'),
(207, 'NoSQL databases'),
(208, 'Web development'),
(209, 'HTML'),
(210, 'CSS'),
(211, 'JavaScript'),
(212, 'React.js'),
(213, 'AngularJS'),
(214, 'Vue.js'),
(215, 'Node.js'),
(216, 'Express.js'),
(217, 'RESTful APIs'),
(218, 'Mobile app development'),
(219, 'Swift'),
(220, 'Java'),
(221, 'Kotlin'),
(222, 'React Native'),
(223, 'Flutter'),
(224, 'Git version control'),
(225, 'Agile development methodologies'),
(226, 'Test-driven development (TDD)'),
(227, 'Continuous integration and deployment (CI/CD)'),
(228, 'DevOps'),
(229, 'Linux/Unix'),
(230, 'Shell scripting'),
(231, 'Cloud computing'),
(232, 'Amazon Web Services (AWS)'),
(233, 'Microsoft Azure'),
(234, 'Google Cloud Platform (GCP)'),
(235, 'Docker'),
(236, 'Kubernetes'),
(237, 'Microservices architecture'),
(238, 'Serverless architecture'),
(239, 'Scalability and performance optimization'),
(240, 'Security principles'),
(241, 'Cryptography'),
(242, 'Network protocols'),
(243, 'Web servers'),
(244, 'Load balancing'),
(245, 'Data analytics'),
(246, 'Machine learning'),
(247, 'Deep learning'),
(248, 'Natural language processing (NLP)'),
(249, 'Computer vision'),
(250, 'Big data processing'),
(251, 'Apache Hadoop'),
(252, 'Apache Spark'),
(253, 'Data visualization'),
(254, 'Business intelligence tools'),
(255, 'UI/UX design'),
(256, 'Graphic design'),
(257, 'Responsive design'),
(258, 'Cross-browser compatibility'),
(259, 'SEO optimization'),
(260, 'Performance optimization'),
(261, 'Front-end frameworks'),
(262, 'Back-end frameworks'),
(263, 'RESTful architecture'),
(264, 'GraphQL'),
(265, 'Microservices communication protocols'),
(266, 'Unit testing'),
(267, 'Integration testing'),
(268, 'System testing'),
(269, 'Debugging'),
(270, 'Performance testing'),
(271, 'Code refactoring'),
(272, 'Code documentation'),
(273, 'User acceptance testing (UAT)'),
(274, 'Project management'),
(275, 'Agile methodologies'),
(276, 'Scrum'),
(277, 'Kanban'),
(278, 'JIRA'),
(279, 'Product development lifecycle'),
(280, 'Version control systems (SVN, Mercurial)'),
(281, 'Front-end optimization techniques'),
(282, 'Back-end optimization techniques'),
(283, 'Front-end performance analysis tools'),
(284, 'Back-end performance analysis tools'),
(285, 'Mobile app performance analysis tools'),
(286, 'Virtual reality (VR) development'),
(287, 'Augmented reality (AR) development'),
(288, 'Cross-platform development'),
(289, 'Chatbot development'),
(290, 'Natural language understanding (NLU)'),
(291, 'Game development'),
(292, 'Unity'),
(293, 'Unreal Engine'),
(294, '3D modeling'),
(295, 'UI/UX prototyping'),
(296, 'Artificial intelligence (AI)'),
(297, 'Robotics'),
(298, 'Cybersecurity'),
(299, 'Blockchain');

INSERT INTO users_skills (id, name) VALUES
(200, 248),
(200, 232),
(200, 235),
(201, 262),
(201, 291),
(201, 282),
(202, 211),
(202, 260),
(202, 205),
(203, 242),
(203, 275),
(203, 250),
(204, 245),
(204, 255),
(204, 203),
(205, 257),
(205, 288),
(205, 271),
(206, 225),
(206, 201),
(206, 219),
(207, 215),
(207, 271),
(207, 258),
(208, 242),
(208, 225),
(208, 232),
(209, 220),
(209, 280),
(209, 206),
(210, 250),
(210, 227),
(210, 264),
(211, 267),
(211, 291),
(211, 232),
(212, 270),
(212, 236),
(212, 219),
(213, 231),
(213, 294),
(213, 286),
(214, 206),
(214, 294),
(214, 215),
(215, 228),
(215, 251),
(215, 239),
(216, 289),
(216, 213),
(216, 236),
(217, 280),
(217, 207),
(217, 232),
(218, 289),
(218, 220),
(218, 248),
(219, 279),
(219, 221),
(219, 216),
(220, 228),
(220, 239),
(220, 229),
(221, 266),
(221, 206),
(221, 220),
(222, 284),
(222, 287),
(222, 276),
(223, 261),
(223, 246),
(223, 265),
(224, 202),
(224, 258),
(224, 235),
(225, 209),
(225, 280),
(225, 218),
(226, 222),
(226, 272),
(226, 256),
(227, 213),
(227, 241),
(227, 212),
(228, 241),
(228, 216),
(228, 231),
(229, 297),
(229, 286),
(229, 294),
(230, 261),
(230, 225),
(230, 235),
(231, 235),
(231, 295),
(231, 257),
(232, 208),
(232, 222),
(232, 287),
(233, 242),
(233, 277),
(233, 265),
(234, 223),
(234, 255),
(234, 299),
(235, 273),
(235, 217),
(235, 246),
(236, 268),
(236, 263),
(236, 246),
(237, 204),
(237, 241),
(237, 251),
(238, 254),
(238, 278),
(238, 271),
(239, 219),
(239, 290),
(239, 295),
(240, 269),
(240, 202),
(240, 295),
(241, 264),
(241, 211),
(241, 232),
(242, 214),
(242, 284),
(242, 277),
(243, 240),
(243, 249),
(243, 205),
(244, 239),
(244, 264),
(244, 237),
(245, 228),
(245, 248),
(245, 278),
(246, 224),
(246, 298),
(246, 235),
(247, 202),
(247, 275),
(247, 243),
(248, 277),
(248, 253),
(248, 286),
(249, 284),
(249, 209),
(249, 271),
(250, 254),
(250, 272),
(250, 224),
(251, 235),
(251, 279),
(251, 245),
(252, 214),
(252, 258),
(252, 267),
(253, 244),
(253, 242),
(253, 234),
(254, 271),
(254, 261),
(254, 292),
(255, 228),
(255, 201),
(255, 260),
(256, 241),
(256, 209),
(256, 286),
(257, 299),
(257, 269),
(257, 215),
(258, 237),
(258, 263),
(258, 212),
(259, 241),
(259, 261),
(259, 232),
(260, 261),
(260, 225),
(260, 236),
(261, 259),
(261, 213),
(261, 297),
(262, 204),
(262, 279),
(262, 207),
(263, 290),
(263, 298),
(263, 256),
(264, 214),
(264, 220),
(264, 232),
(265, 275),
(265, 256),
(265, 254),
(266, 294),
(266, 222),
(266, 239),
(267, 283),
(267, 220),
(267, 208),
(268, 231),
(268, 280),
(268, 212),
(269, 281),
(269, 203),
(269, 236),
(270, 271),
(270, 209),
(270, 205),
(271, 245),
(271, 283),
(271, 219),
(272, 237),
(272, 235),
(272, 271),
(273, 266),
(273, 288),
(273, 210),
(274, 276),
(274, 223),
(274, 209),
(275, 274),
(275, 287),
(275, 202),
(276, 219),
(276, 267),
(276, 214),
(277, 299),
(277, 279),
(277, 255),
(278, 280),
(278, 204),
(278, 217),
(279, 211),
(279, 261),
(279, 204),
(280, 273),
(280, 211),
(280, 231),
(281, 299),
(281, 299),
(281, 230),
(282, 232),
(282, 237),
(282, 286),
(283, 283),
(283, 233),
(283, 276),
(284, 216),
(284, 237),
(284, 201),
(285, 230),
(285, 222),
(285, 275),
(286, 275),
(286, 242),
(286, 216),
(287, 227),
(287, 293),
(287, 245),
(288, 291),
(288, 243),
(288, 282),
(289, 263),
(289, 233),
(289, 282),
(290, 292),
(290, 261),
(290, 263),
(291, 213),
(291, 242),
(291, 243),
(292, 231),
(292, 291),
(292, 257),
(293, 221),
(293, 288),
(293, 218),
(294, 253),
(294, 261),
(294, 228),
(295, 262),
(295, 232),
(295, 294),
(296, 291),
(296, 269),
(296, 203),
(297, 267),
(297, 281),
(297, 201),
(298, 289),
(298, 212),
(298, 260),
(299, 288),
(299, 292),
(299, 285),
(300, 293),
(300, 294),
(300, 276);


INSERT INTO personal_data (id, user_id, birstday, email, phone, first_name, last_name, mid_name) VALUES
(200, 200, '03-31-1999', 'miakmll@yandex.ru', '79005112306', 'Ярослав', 'Котовский', 'Андреевич'),
(201, 201, '02-27-1999', 'fgwfeef@gmail.com', '79009306625', 'Филипп', 'Ерёменко', 'Сергеевич'),
(202, 202, '01-07-1999', 'akbjntl@gmail.com', '79003459972', 'Борис', 'Коваленко', 'Андреевич'),
(203, 203, '11-05-1998', 'ksxakxr@mail.ru', '79009486938', 'Марат', 'Чумак', 'Григорьевич'),
(204, 204, '07-14-1998', 'jmfhtnn@mail.ru', '79009897155', 'Богдан', 'Борисенко', 'Валериевич'),
(205, 205, '12-25-1997', 'ykjkfxh@gmail.com', '79001484198', 'Корнелий', 'Беляев', 'Андреевич'),
(206, 206, '06-19-1997', 'vweeqbv@mail.ru', '79006225825', 'Виль', 'Городецкий', 'Васильевич'),
(207, 207, '06-04-1997', 'blebhbq@yandex.ru', '79002091968', 'Юлиан', 'Евсеев', 'Юхимович'),
(208, 208, '05-28-1997', 'jhwdcnj@mail.ru', '79000856360', 'Сергей', 'Михеев', 'Евгеньевич'),
(209, 209, '11-01-1996', 'hlkgdrg@yandex.ru', '79007775277', 'Дмитрий', 'Шумейко', 'Максимович'),
(210, 210, '05-05-1996', 'jcougbi@mail.ru', '79006209243', 'Семён', 'Петренко', 'Виталиевич'),
(211, 211, '04-07-1996', 'nofkvqx@gmail.com', '79003611793', 'Иван', 'Шуфрич', 'Романович'),
(212, 212, '02-08-1996', 'usajkza@gmail.com', '79002517764', 'Никита', 'Барановский', 'Артёмович'),
(213, 213, '01-20-1996', 'ecwayad@yandex.ru', '79002949445', 'Влад', 'Павлик', 'Платонович'),
(214, 214, '08-22-1995', 'piihxny@yandex.ru', '79003958710', 'Тимур', 'Кабанов', 'Платонович'),
(215, 215, '03-09-1995', 'bhimhin@mail.ru', '79009577956', 'Устин', 'Савенко', 'Вадимович'),
(216, 216, '02-25-1995', 'mcxkpax@yandex.ru', '79000334782', 'Артём', 'Павлов', 'Васильевич'),
(217, 217, '02-06-1995', 'krpqcvp@yandex.ru', '79004128668', 'Шамиль', 'Лукин', 'Брониславович'),
(218, 218, '12-13-1994', 'rxzzyzm@mail.ru', '79001681624', 'Юлиан', 'Мартынов', 'Виталиевич'),
(219, 219, '08-25-1994', 'orpanml@mail.ru', '79009075050', 'Марат', 'Горобчук', 'Богданович'),
(220, 220, '08-03-1994', 'fdwjiku@mail.ru', '79005838358', 'Лука', 'Комиссаров', 'Ярославович'),
(221, 221, '07-02-1994', 'fgntoue@gmail.com', '79005279234', 'Яков', 'Темченко', 'Платонович'),
(222, 222, '04-19-1994', 'wwpqbmw@mail.ru', '79008819121', 'Константин', 'Дубченко', 'Валериевич'),
(223, 223, '02-18-1994', 'krwzxuc@mail.ru', '79002245001', 'Юрий', 'Овчинников', 'Платонович'),
(224, 224, '09-23-1993', 'trrtmey@mail.ru', '79001011885', 'Филипп', 'Лобанов', 'Борисович'),
(225, 225, '09-10-1993', 'vvrtlqb@yandex.ru', '79007118957', 'Святослав', 'Коновалов', 'Борисович'),
(226, 226, '08-17-1993', 'kugmqtb@gmail.com', '79006293240', 'Динар', 'Тарасюк', 'Сергеевич'),
(227, 227, '07-27-1993', 'jgwphvz@gmail.com', '79002920796', 'Юрий', 'Потапов', 'Дмитриевич'),
(228, 228, '11-23-1992', 'khuhmga@yandex.ru', '79008244239', 'Жерар', 'Пасичник', 'Петрович'),
(229, 229, '11-05-1992', 'crahisq@yandex.ru', '79004871632', 'Болеслав', 'Ситников', 'Романович'),
(230, 230, '10-15-1992', 'gtfvrlc@yandex.ru', '79005589189', 'Яков', 'Петрив', 'Виталиевич'),
(231, 231, '10-11-1992', 'qtuplmw@gmail.com', '79004461911', 'Шамиль', 'Легойда', 'Данилович'),
(232, 232, '08-31-1992', 'mgerqaf@gmail.com', '79007381763', 'Борис', 'Павлов', 'Сергеевич'),
(233, 233, '03-27-1992', 'zpuzyvg@gmail.com', '79001183333', 'Олег', 'Тягай', 'Михайлович'),
(234, 234, '02-12-1992', 'wiivlht@mail.ru', '79001066940', 'Харитон', 'Громов', 'Борисович'),
(235, 235, '10-27-1991', 'fhukroy@gmail.com', '79000335267', 'Шарль', 'Пасичник', 'Михайлович'),
(236, 236, '05-19-1991', 'jhgqvgi@yandex.ru', '79008197877', 'Руслан', 'Полищук', 'Данилович'),
(237, 237, '05-12-1991', 'teptkfg@mail.ru', '79006302051', 'Шамиль', 'Овчинников', 'Станиславович'),
(238, 238, '04-16-1991', 'kdcsyuv@yandex.ru', '79003954036', 'Георгий', 'Негода', 'Дмитриевич'),
(239, 239, '01-12-1991', 'biinimc@gmail.com', '79006048789', 'Ярослав', 'Михеев', 'Львович'),
(240, 240, '10-27-1990', 'mhfqkju@gmail.com', '79005743347', 'Эдуард', 'Кулибаба', 'Борисович'),
(241, 241, '09-17-1990', 'rixthst@gmail.com', '79004917841', 'Устин', 'Иващенко', 'Станиславович'),
(242, 242, '08-28-1990', 'ehuccez@mail.ru', '79002090417', 'Рафаил', 'Ковальчук', 'Ярославович'),
(243, 243, '05-05-1990', 'rayalxd@gmail.com', '79004297783', 'Ждан', 'Хохлов', 'Брониславович'),
(244, 244, '05-04-1990', 'qxjwlev@yandex.ru', '79004557527', 'Ждан', 'Быков', 'Евгеньевич'),
(245, 245, '08-29-1989', 'ihrsjlm@mail.ru', '79006525172', 'Тимур', 'Гончар', 'Брониславович'),
(246, 246, '08-25-1989', 'kzrhukn@gmail.com', '79005914961', 'Леон', 'Соколов', 'Вадимович'),
(247, 247, '05-31-1989', 'uugqnup@gmail.com', '79000555550', 'Богдан', 'Егоров', 'Иванович'),
(248, 248, '04-22-1989', 'airevwe@gmail.com', '79005964403', 'Оскар', 'Коломоец', 'Сергеевич'),
(249, 249, '04-12-1989', 'wmoprxv@gmail.com', '79004241628', 'Эдуард', 'Сасько', 'Григорьевич'),
(250, 250, '04-03-1989', 'gbejzqt@mail.ru', '79001562581', 'Пелагея', 'Афанасьева', 'Михайловна'),
(251, 251, '03-24-1989', 'rkyzrqp@yandex.ru', '79004775538', 'Эльза', 'Пархоменко', 'Романовна'),
(252, 252, '03-05-1989', 'gefhcnn@gmail.com', '79003918233', 'Розалина', 'Шилова', 'Андреевна'),
(253, 253, '11-07-1988', 'mddcdeo@mail.ru', '79002745670', 'Устинья', 'Захарченко', 'Платоновна'),
(254, 254, '10-23-1988', 'ryxywxx@gmail.com', '79001170794', 'Харитина', 'Шуфрич', 'Валериевна'),
(255, 255, '08-15-1988', 'xtwkahh@mail.ru', '79008040636', 'Искра', 'Брагина', 'Леонидовна'),
(256, 256, '05-30-1988', 'hzgjwrw@yandex.ru', '79009935129', 'Фаина', 'Масловска', 'Анатолиевна'),
(257, 257, '10-05-1987', 'isksxpl@yandex.ru', '79001098564', 'Юлия', 'Калинина', 'Станиславовна'),
(258, 258, '09-17-1987', 'cpmkpeu@yandex.ru', '79007173523', 'Ника', 'Яценюк', 'Борисовна'),
(259, 259, '06-13-1987', 'xvodiru@yandex.ru', '79009197116', 'Василиса', 'Щербак', 'Васильевна'),
(260, 260, '01-09-1987', 'kxygpmc@mail.ru', '79009085556', 'Клементина', 'Быкова', 'Борисовна'),
(261, 261, '08-01-1986', 'qwilaww@mail.ru', '79007950693', 'Дарья', 'Голубева', 'Сергеевна'),
(262, 262, '07-29-1986', 'dskzslt@gmail.com', '79006691916', 'Люся', 'Палий', 'Васильевна'),
(263, 263, '05-30-1986', 'xnijaob@mail.ru', '79005723496', 'Юлия', 'Ковалёва', 'Виталиевна'),
(264, 264, '04-03-1986', 'vgflkrz@mail.ru', '79002100444', 'Харита', 'Харитонова', 'Эдуардовна'),
(265, 265, '04-02-1986', 'yaqjrwt@yandex.ru', '79007281133', 'Татьяна', 'Соколова', 'Алексеевна'),
(266, 266, '02-25-1986', 'ksrkmrv@mail.ru', '79001668321', 'Элла', 'Ларионова', 'Максимовна'),
(267, 267, '02-06-1986', 'xnqckhd@gmail.com', '79000417647', 'Капитолина', 'Ермакова', 'Львовна'),
(268, 268, '10-04-1985', 'ssizjkf@mail.ru', '79009716061', 'Варвара', 'Коломоец', 'Леонидовна'),
(269, 269, '08-29-1985', 'cigshra@gmail.com', '79008843276', 'Шарлота', 'Пасичник', 'Евгеньевна'),
(270, 270, '06-03-1985', 'bqlbver@yandex.ru', '79008694535', 'Оксана', 'Голубева', 'Леонидовна'),
(271, 271, '01-27-1985', 'mpytzwc@yandex.ru', '79001960658', 'Ульяна', 'Мазайло', 'Станиславовна'),
(272, 272, '05-23-1984', 'arscsrs@gmail.com', '79005555135', 'Люся', 'Легойда', 'Брониславовна'),
(273, 273, '05-09-1984', 'dbtbpzb@mail.ru', '79005324425', 'Зоя', 'Тягай', 'Евгеньевна'),
(274, 274, '04-14-1984', 'zwrfaet@gmail.com', '79007279071', 'Чеслава', 'Кличко', 'Валериевна'),
(275, 275, '03-15-1984', 'zdwualx@yandex.ru', '79000762950', 'Чеслава', 'Моисеева', 'Андреевна'),
(276, 276, '02-05-1984', 'slomtfg@mail.ru', '79008559825', 'Эльза', 'Копылова', 'Ярославовна'),
(277, 277, '12-18-1983', 'vtnvvek@yandex.ru', '79003915916', 'Ольга', 'Зварыч', 'Евгеньевна'),
(278, 278, '11-06-1983', 'vfdqcsw@mail.ru', '79008927547', 'Лада', 'Барановска', 'Платоновна'),
(279, 279, '08-11-1983', 'offbrsa@gmail.com', '79002102665', 'Татьяна', 'Брагина', 'Брониславовна'),
(280, 280, '05-19-1983', 'cuqorhf@gmail.com', '79003352433', 'Екатерина', 'Соколова', 'Евгеньевна'),
(281, 281, '03-02-1983', 'gjvacku@mail.ru', '79008273744', 'Ольга', 'Щербак', 'Дмитриевна'),
(282, 282, '02-09-1983', 'yoggmtq@mail.ru', '79007418039', 'Маргарита', 'Коровяк', 'Львовна'),
(283, 283, '01-06-1983', 'ufpfbmr@gmail.com', '79000946244', 'София', 'Белозёрова', 'Михайловна'),
(284, 284, '08-05-1982', 'hrzrket@yandex.ru', '79004996537', 'Гера', 'Константинова', 'Брониславовна'),
(285, 285, '08-02-1982', 'eztcuza@mail.ru', '79002444259', 'Чечилия', 'Фомичёва', 'Евгеньевна'),
(286, 286, '07-30-1982', 'pibauor@mail.ru', '79005091951', 'Христина', 'Чухрай', 'Евгеньевна'),
(287, 287, '06-21-1982', 'kfgjzmp@mail.ru', '79008089921', 'Анна', 'Архипова', 'Максимовна'),
(288, 288, '06-13-1982', 'qyhkplp@mail.ru', '79003255018', 'Жасмин', 'Терентьева', 'Викторовна'),
(289, 289, '05-14-1982', 'kacabro@yandex.ru', '79001102502', 'Злата', 'Алексеева', 'Валериевна'),
(290, 290, '02-22-1982', 'kvbzblh@yandex.ru', '79004347116', 'Алина', 'Мишина', 'Вадимовна'),
(291, 291, '01-16-1982', 'zhujbpt@mail.ru', '79005600278', 'Рената', 'Уварова', 'Петровна'),
(292, 292, '06-06-1981', 'qdenzel@gmail.com', '79004863852', 'Божена', 'Андрусейко', 'Ивановна'),
(293, 293, '02-11-1981', 'wkzpscj@gmail.com', '79006173537', 'Гражина', 'Ефремова', 'Алексеевна'),
(294, 294, '12-18-1980', 'mepfevq@yandex.ru', '79008796257', 'Люся', 'Пилипейко', 'Валериевна'),
(295, 295, '10-15-1980', 'iqnmyot@mail.ru', '79000523382', 'Светлана', 'Филиппова', 'Григорьевна'),
(296, 296, '07-10-1980', 'cgtvrvz@yandex.ru', '79005405534', 'Жасмин', 'Мамонтова', 'Львовна'),
(297, 297, '02-15-1980', 'llcxhaj@yandex.ru', '79006211124', 'София', 'Житар', 'Григорьевна'),
(298, 298, '02-12-1980', 'qpepxxp@yandex.ru', '79006244486', 'Ярослава', 'Городецка', 'Андреевна'),
(299, 299, '09-11-1979', 'etrdmoy@yandex.ru', '79004180100', 'Йоланта', 'Селезнёва', 'Фёдоровна'),
(300, 300, '02-15-1980', 'bryrkba@mail.ru', '79002411193', 'Рената', 'Андрусейко', 'Ивановна');


INSERT INTO positions (id, name) VALUES
(200, 'Software Engineer'),
(201, 'Full Stack Developer'),
(202, 'Front-End Developer'),
(203, 'Back-End Developer'),
(204, 'Mobile App Developer'),
(205, 'DevOps Engineer'),
(206, 'Data Scientist'),
(207, 'Machine Learning Engineer'),
(208, 'Cloud Architect'),
(209, 'UX/UI Designer'),
(210, 'Quality Assurance Engineer'),
(211, 'Database Administrator'),
(212, 'Security Analyst'),
(213, 'Systems Analyst'),
(214, 'Game Developer'),
(215, 'Embedded Systems Developer'),
(216, 'IT Project Manager'),
(217, 'Blockchain Developer'),
(218, 'Web Developer'),
(219, 'Software Tester');


INSERT INTO job_experience (id, person_data_id, position_id, date_start, date_end) VALUES
(200, 200, 215, '01-01-2017', '10-01-2019'),
(201, 201, 215, '01-01-2020', '12-01-2021'),
(202, 202, 210, '01-01-2017', '10-01-2019'),
(203, 203, 203, '01-01-2020', '12-01-2021'),
(204, 204, 206, '01-01-2017', '10-01-2019'),
(205, 205, 213, '01-01-2017', '10-01-2019'),
(206, 206, 219, '01-01-2020', '12-01-2021'),
(207, 207, 209, '01-01-2017', '10-01-2019'),
(208, 208, 205, '02-01-2022', '12-01-2023'),
(209, 209, 210, '01-01-2020', '12-01-2021'),
(210, 210, 218, '02-01-2022', '12-01-2023'),
(211, 211, 203, '01-01-2017', '10-01-2019'),
(212, 212, 209, '01-01-2020', '12-01-2021'),
(213, 213, 208, '01-01-2017', '10-01-2019'),
(214, 214, 209, '01-01-2020', '12-01-2021'),
(215, 215, 212, '01-01-2017', '10-01-2019'),
(216, 216, 204, '02-01-2022', '12-01-2023'),
(217, 217, 212, '02-01-2022', '12-01-2023'),
(218, 218, 212, '01-01-2020', '12-01-2021'),
(219, 219, 219, '01-01-2020', '12-01-2021'),
(220, 220, 203, '02-01-2022', '12-01-2023'),
(221, 221, 205, '01-01-2020', '12-01-2021'),
(222, 222, 205, '01-01-2020', '12-01-2021'),
(223, 223, 208, '01-01-2020', '12-01-2021'),
(224, 224, 213, '01-01-2020', '12-01-2021'),
(225, 225, 218, '01-01-2020', '12-01-2021'),
(226, 226, 212, '01-01-2020', '12-01-2021'),
(227, 227, 213, '01-01-2020', '12-01-2021'),
(228, 228, 213, '02-01-2022', '12-01-2023'),
(229, 229, 206, '02-01-2022', '12-01-2023'),
(230, 230, 209, '01-01-2020', '12-01-2021'),
(231, 231, 208, '02-01-2022', '12-01-2023'),
(232, 232, 208, '01-01-2017', '10-01-2019'),
(233, 233, 217, '02-01-2022', '12-01-2023'),
(234, 234, 209, '01-01-2017', '10-01-2019'),
(235, 235, 217, '01-01-2017', '10-01-2019'),
(236, 236, 206, '01-01-2020', '12-01-2021'),
(237, 237, 205, '02-01-2022', '12-01-2023'),
(238, 238, 208, '02-01-2022', '12-01-2023'),
(239, 239, 207, '02-01-2022', '12-01-2023'),
(240, 240, 214, '01-01-2020', '12-01-2021'),
(241, 241, 205, '02-01-2022', '12-01-2023'),
(242, 242, 217, '01-01-2020', '12-01-2021'),
(243, 243, 218, '01-01-2020', '12-01-2021'),
(244, 244, 209, '01-01-2020', '12-01-2021'),
(245, 245, 205, '01-01-2020', '12-01-2021'),
(246, 246, 217, '01-01-2020', '12-01-2021'),
(247, 247, 208, '02-01-2022', '12-01-2023'),
(248, 248, 217, '01-01-2017', '10-01-2019'),
(249, 249, 217, '01-01-2017', '10-01-2019'),
(250, 250, 208, '01-01-2017', '10-01-2019'),
(251, 251, 212, '02-01-2022', '12-01-2023'),
(252, 252, 213, '01-01-2017', '10-01-2019'),
(253, 253, 206, '01-01-2017', '10-01-2019'),
(254, 254, 212, '01-01-2020', '12-01-2021'),
(255, 255, 200, '01-01-2017', '10-01-2019'),
(256, 256, 206, '01-01-2017', '10-01-2019'),
(257, 257, 211, '01-01-2017', '10-01-2019'),
(258, 258, 204, '01-01-2017', '10-01-2019'),
(259, 259, 213, '01-01-2020', '12-01-2021'),
(260, 260, 202, '02-01-2022', '12-01-2023'),
(261, 261, 212, '02-01-2022', '12-01-2023'),
(262, 262, 217, '01-01-2017', '10-01-2019'),
(263, 263, 200, '02-01-2022', '12-01-2023'),
(264, 264, 204, '01-01-2017', '10-01-2019'),
(265, 265, 219, '01-01-2020', '12-01-2021'),
(266, 266, 219, '01-01-2017', '10-01-2019'),
(267, 267, 202, '01-01-2017', '10-01-2019'),
(268, 268, 212, '02-01-2022', '12-01-2023'),
(269, 269, 213, '02-01-2022', '12-01-2023'),
(270, 270, 201, '02-01-2022', '12-01-2023'),
(271, 271, 209, '01-01-2020', '12-01-2021'),
(272, 272, 216, '01-01-2017', '10-01-2019'),
(273, 273, 205, '01-01-2017', '10-01-2019'),
(274, 274, 206, '02-01-2022', '12-01-2023'),
(275, 275, 210, '01-01-2017', '10-01-2019'),
(276, 276, 208, '02-01-2022', '12-01-2023'),
(277, 277, 210, '01-01-2017', '10-01-2019'),
(278, 278, 211, '02-01-2022', '12-01-2023'),
(279, 279, 213, '02-01-2022', '12-01-2023'),
(280, 280, 219, '02-01-2022', '12-01-2023'),
(281, 281, 203, '01-01-2020', '12-01-2021'),
(282, 282, 217, '02-01-2022', '12-01-2023'),
(283, 283, 217, '01-01-2017', '10-01-2019'),
(284, 284, 205, '01-01-2020', '12-01-2021'),
(285, 285, 200, '01-01-2017', '10-01-2019'),
(286, 286, 202, '02-01-2022', '12-01-2023'),
(287, 287, 209, '01-01-2017', '10-01-2019'),
(288, 288, 203, '01-01-2017', '10-01-2019'),
(289, 289, 217, '01-01-2017', '10-01-2019'),
(290, 290, 216, '01-01-2017', '10-01-2019'),
(291, 291, 214, '01-01-2020', '12-01-2021'),
(292, 292, 206, '01-01-2020', '12-01-2021'),
(293, 293, 215, '01-01-2017', '10-01-2019'),
(294, 294, 219, '02-01-2022', '12-01-2023'),
(295, 295, 214, '01-01-2017', '10-01-2019'),
(296, 296, 213, '01-01-2017', '10-01-2019'),
(297, 297, 210, '02-01-2022', '12-01-2023'),
(298, 298, 217, '02-01-2022', '12-01-2023'),
(299, 299, 217, '01-01-2020', '12-01-2021'),
(300, 300, 214, '02-01-2022', '12-01-2023');